word,total_count,chapter_count,chapters
fish,284,3,"1:79,2:105,3:100"
man,264,3,"1:110,2:95,3:59"
old,243,3,"1:113,2:84,3:46"
think,208,3,"1:48,2:83,3:77"
say,179,3,"1:76,2:56,3:47"
line,159,3,"1:49,2:17,3:93"
hand,134,3,"1:10,2:32,3:92"
come,120,3,"1:38,2:48,3:34"
water,106,3,"1:40,2:35,3:31"
boy,92,3,"1:64,2:20,3:8"
know,91,3,"1:30,2:34,3:27"
go,80,3,"1:37,2:26,3:17"
feel,73,3,"1:18,2:30,3:25"
great,70,3,"1:28,2:21,3:21"
head,69,3,"1:10,2:39,3:20"
eat,67,3,"1:29,2:7,3:31"
shark,65,3,"1:5,2:57,3:3"
see,64,3,"1:17,2:26,3:21"
look,58,3,"1:17,2:22,3:19"
time,56,3,"1:17,2:17,3:22"
boat,50,3,"1:28,2:7,3:15"
pull,49,3,"1:10,2:13,3:26"
sun,48,3,"1:22,2:4,3:22"
good,47,3,"1:18,2:17,3:12"
skiff,47,3,"1:12,2:26,3:9"
hold,44,3,"1:15,2:8,3:21"
dark,42,3,"1:12,2:10,3:20"
sea,42,3,"1:13,2:15,3:14"
take,42,3,"1:13,2:16,3:13"
fast,41,3,"1:11,2:20,3:10"
cut,40,3,"1:6,2:8,3:26"
kill,40,3,"1:4,2:23,3:13"
long,39,3,"1:16,2:10,3:13"
big,38,3,"1:19,2:11,3:8"
left,38,3,"1:2,2:2,3:34"
let,38,3,"1:11,2:9,3:18"
work,38,3,"1:10,2:5,3:23"
bring,37,3,"1:12,2:21,3:4"
right,37,3,"1:4,2:5,3:28"
day,36,3,"1:22,2:2,3:12"
turn,35,3,"1:9,2:19,3:7"
watch,35,3,"1:13,2:14,3:8"
aloud,34,3,"1:13,2:11,3:10"
bow,34,3,"1:7,2:11,3:16"
bird,33,3,"1:18,2:1,3:14"
eye,33,3,"1:15,2:9,3:9"
hook,33,3,"1:17,2:4,3:12"
sail,33,3,"1:8,2:24,3:1"
shoulder,33,3,"1:7,2:10,3:16"
light,32,3,"1:10,2:10,3:12"
try,32,3,"1:4,2:14,3:14"
circle,31,3,"1:7,2:8,3:16"
bait,30,2,"1:22,3:8"
night,30,3,"1:7,2:6,3:17"
rise,30,3,"1:10,2:6,3:14"
sleep,30,3,"1:6,2:5,3:19"
hit,29,3,"1:2,2:25,3:2"
fly,27,3,"1:11,2:1,3:15"
little,27,3,"1:5,2:8,3:14"
move,27,3,"1:11,2:5,3:11"
slowly,27,3,"1:6,2:5,3:16"
jump,26,3,"1:6,2:1,3:19"
rest,26,3,"1:3,2:5,3:18"
tail,26,3,"1:3,2:16,3:7"
dolphin,25,2,"1:5,3:20"
fisherman,25,3,"1:15,2:8,3:2"
oar,25,3,"1:7,2:13,3:5"
start,25,3,"1:4,2:11,3:10"
thing,25,3,"1:9,2:9,3:7"
remember,24,2,"1:19,3:5"
wish,24,3,"1:6,2:9,3:9"
far,23,3,"1:9,2:11,3:3"
high,23,3,"1:6,2:10,3:7"
small,23,3,"1:8,2:5,3:10"
stern,23,3,"1:5,2:8,3:10"
foot,22,3,"1:7,2:5,3:10"
knife,22,3,"1:1,2:14,3:7"
strong,22,3,"1:11,2:3,3:8"
way,22,3,"1:3,2:9,3:10"
coil,21,3,"1:11,2:1,3:9"
dream,21,3,"1:8,2:9,3:4"
away,20,3,"1:5,2:10,3:5"
clear,20,3,"1:2,2:11,3:7"
hard,20,3,"1:9,2:5,3:6"
tell,20,3,"1:9,2:5,3:6"
well,20,3,"1:3,2:6,3:11"
ask,19,3,"1:7,2:5,3:7"
deep,19,3,"1:9,2:5,3:5"
harpoon,19,2,"1:6,2:13"
jaw,19,2,"2:17,3:2"
open,19,3,"1:6,2:6,3:7"
stay,19,2,"1:5,3:14"
want,19,3,"1:7,2:7,3:5"
close,18,3,"1:3,2:14,3:1"
heavy,18,3,"1:6,2:5,3:7"
hour,18,3,"1:7,2:2,3:9"
lean,18,3,"1:4,2:5,3:9"
mast,18,3,"1:8,2:9,3:1"
strength,18,3,"1:3,2:5,3:10"
wood,18,2,"2:3,3:15"
bad,17,3,"1:5,2:4,3:8"
break,17,3,"1:4,2:6,3:7"
current,17,3,"1:10,2:2,3:5"
fight,17,3,"1:4,2:10,3:3"
leave,17,3,"1:10,2:3,3:4"
love,17,3,"1:12,2:3,3:2"
maybe,17,3,"1:7,2:6,3:4"
ocean,17,3,"1:7,2:3,3:7"
show,17,3,"1:6,2:7,3:4"
arm,16,3,"1:6,2:4,3:6"
breeze,16,3,"1:5,2:6,3:5"
drive,16,3,"1:3,2:12,3:1"
like,16,3,"1:5,2:6,3:5"
sardine,16,3,"1:14,2:1,3:1"
steadily,16,3,"1:5,2:1,3:10"
steady,16,3,"1:1,2:4,3:11"
surface,16,3,"1:8,2:7,3:1"
tuna,16,2,"1:10,3:6"
weight,16,3,"1:9,2:2,3:5"
bed,15,3,"1:8,2:6,3:1"
carry,15,3,"1:13,2:1,3:1"
club,15,3,"1:3,2:11,3:1"
cramp,15,3,"1:1,2:1,3:13"
hear,15,3,"1:6,2:5,3:4"
meat,15,3,"1:2,2:11,3:2"
mouth,15,3,"1:5,2:7,3:3"
straight,15,3,"1:9,2:5,3:1"
begin,14,3,"1:4,2:2,3:8"
blue,14,3,"1:7,2:6,3:1"
find,14,3,"1:5,2:5,3:4"
get,14,3,"1:6,2:2,3:6"
half,14,3,"1:3,2:8,3:3"
hurt,14,3,"1:4,2:4,3:6"
lie,14,3,"1:2,2:8,3:4"
morning,14,3,"1:10,2:2,3:2"
purple,14,3,"1:4,2:3,3:7"
strange,14,3,"1:6,2:3,3:5"
swing,14,3,"1:4,2:8,3:2"
turtle,14,3,"1:11,2:2,3:1"
wake,14,3,"1:10,2:2,3:2"
wide,14,3,"1:2,2:10,3:2"
air,13,3,"1:3,2:3,3:7"
course,13,3,"1:3,2:7,3:3"
drop,13,3,"1:7,2:1,3:5"
fin,13,3,"1:2,2:10,3:1"
finger,13,3,"1:6,2:3,3:4"
point,13,3,"1:3,2:5,3:5"
salt,13,3,"1:2,2:2,3:9"
smell,13,2,"1:10,2:3"
tired,13,2,"2:5,3:8"
white,13,3,"1:6,2:5,3:2"
wind,13,3,"1:3,2:6,3:4"
yellow,13,3,"1:5,2:4,3:4"
baseball,12,3,"1:10,2:1,3:1"
beat,12,3,"1:1,2:8,3:3"
bone,12,2,"2:5,3:7"
cold,12,3,"1:7,2:1,3:4"
keep,12,3,"1:6,2:3,3:3"
lash,12,2,"2:10,3:2"
mean,12,3,"1:3,2:6,3:3"
moon,12,3,"1:5,2:1,3:6"
pain,12,2,"2:6,3:6"
pass,12,2,"2:7,3:5"
reach,12,3,"1:4,2:4,3:4"
road,12,2,"1:5,2:7"
rope,12,2,"1:1,2:11"
row,12,2,"1:11,2:1"
shack,12,2,"1:7,2:5"
sky,12,3,"1:1,2:6,3:5"
soon,12,3,"1:2,2:3,3:7"
strain,12,3,"1:1,2:1,3:10"
swam,12,3,"1:2,2:8,3:2"
tiller,12,1,2:12
blade,11,3,"1:1,2:8,3:2"
blood,11,3,"1:1,2:6,3:4"
catch,11,3,"1:4,2:4,3:3"
cloud,11,3,"1:3,2:3,3:5"
face,11,3,"1:2,2:2,3:7"
gaff,11,3,"1:4,2:3,3:4"
jerk,11,3,"1:1,2:4,3:6"
land,11,3,"1:7,2:1,3:3"
make,11,3,"1:3,2:1,3:7"
need,11,3,"1:3,2:3,3:5"
place,11,3,"1:4,2:2,3:5"
slant,11,3,"1:3,2:1,3:7"
wonder,11,3,"1:3,2:2,3:6"
asleep,10,3,"1:5,2:2,3:3"
badly,10,2,"2:3,3:7"
body,10,3,"1:2,2:3,3:5"
calm,10,3,"1:1,2:3,3:6"
chew,10,2,"2:3,3:7"
end,10,3,"1:2,2:5,3:3"
feed,10,3,"1:3,2:2,3:5"
fresh,10,3,"1:6,2:1,3:3"
help,10,3,"1:5,2:1,3:4"
home,10,2,"1:4,2:6"
huge,10,3,"1:3,2:4,3:3"
lose,10,3,"1:1,2:3,3:6"
luck,10,2,"1:3,2:7"
negro,10,1,3:10
sack,10,3,"1:3,2:2,3:5"
set,10,3,"1:4,2:2,3:4"
sit,10,3,"1:4,2:5,3:1"
speak,10,3,"1:6,2:2,3:2"
star,10,2,"1:3,3:7"
sure,10,3,"1:1,2:6,3:3"
talk,10,3,"1:7,2:2,3:1"
beach,9,3,"1:6,2:2,3:1"
call,9,3,"1:3,2:2,3:4"
carefully,9,2,"2:2,3:7"
cord,9,3,"1:2,2:1,3:6"
dead,9,2,"2:6,3:3"
die,9,3,"1:2,2:3,3:4"
drink,9,2,"1:3,2:6"
early,9,2,"1:6,3:3"
east,9,3,"1:3,2:2,3:4"
fall,9,3,"1:1,2:6,3:2"
gently,9,3,"1:3,2:1,3:5"
hope,9,2,"1:2,2:7"
lion,9,3,"1:2,2:1,3:6"
low,9,3,"1:3,2:2,3:4"
moment,9,3,"1:4,2:3,3:2"
people,9,3,"1:3,2:2,3:4"
pick,9,3,"1:3,2:4,3:2"
reserve,9,2,"1:4,3:5"
scent,9,2,"1:1,2:8"
school,9,2,"1:6,3:3"
shape,9,3,"1:3,2:3,3:3"
sorry,9,3,"1:3,2:4,3:2"
spread,9,3,"1:5,2:3,3:1"
steer,9,2,"1:1,2:8"
swim,9,3,"1:1,2:4,3:4"
tight,9,3,"1:1,2:1,3:7"
today,9,2,"1:8,2:1"
trouser,9,3,"1:4,2:1,3:4"
truly,9,3,"1:3,2:3,3:3"
weather,9,3,"1:4,2:1,3:4"
alive,8,2,"1:1,2:7"
beautiful,8,2,"1:4,2:4"
brother,8,3,"1:1,2:3,3:4"
buy,8,2,"1:4,2:4"
clean,8,3,"1:2,2:2,3:4"
coffee,8,2,"1:3,2:5"
draw,8,1,3:8
dry,8,3,"1:2,2:1,3:5"
father,8,3,"1:6,2:1,3:1"
fathom,8,2,"1:6,3:2"
forward,8,3,"1:3,2:4,3:1"
friend,8,3,"1:1,2:4,3:3"
gain,8,3,"1:1,2:2,3:5"
glow,8,2,"1:2,2:6"
leg,8,3,"1:1,2:4,3:3"
life,8,3,"1:5,2:2,3:1"
lucky,8,3,"1:4,2:2,3:2"
male,8,2,"1:7,2:1"
north,8,3,"1:4,2:1,3:3"
patch,8,2,"1:4,2:4"
piece,8,3,"1:1,2:4,3:3"
pound,8,3,"1:2,2:4,3:2"
ready,8,2,"1:5,3:3"
run,8,3,"1:3,2:2,3:3"
settle,8,2,"2:4,3:4"
silver,8,2,"1:1,2:7"
sin,8,1,2:8
slip,8,3,"1:3,2:1,3:4"
speed,8,3,"1:3,2:1,3:4"
spur,8,2,"2:3,3:5"
stripe,8,3,"1:1,2:3,3:4"
wait,8,3,"1:3,2:2,3:3"
wall,8,3,"1:4,2:1,3:3"
wing,8,2,"1:7,3:1"
ahead,7,3,"1:1,2:1,3:5"
bear,7,3,"1:1,2:2,3:4"
believe,7,2,"2:5,3:2"
bill,7,2,"1:2,2:5"
blanket,7,3,"1:5,2:1,3:1"
blow,7,2,"1:3,2:4"
bottle,7,3,"1:4,2:2,3:1"
brace,7,2,"1:2,3:5"
brain,7,2,"2:6,3:1"
brown,7,2,"1:4,2:3"
dip,7,1,1:7
drift,7,3,"1:5,2:1,3:1"
easy,7,3,"1:2,2:3,3:2"
edge,7,3,"1:2,2:2,3:3"
fear,7,3,"1:2,2:2,3:3"
give,7,2,"1:4,3:3"
green,7,2,"1:6,3:1"
hang,7,2,"1:3,2:4"
happen,7,3,"1:3,2:3,3:1"
harbour,7,2,"1:4,2:3"
lift,7,3,"1:1,2:3,3:3"
lightly,7,2,"1:3,2:4"
live,7,3,"1:3,2:3,3:1"
nearly,7,3,"1:3,2:3,3:1"
newspaper,7,2,"1:5,2:2"
pay,7,2,"2:4,3:3"
play,7,2,"1:4,3:3"
push,7,3,"1:2,2:2,3:3"
raise,7,3,"1:2,2:2,3:3"
roll,7,2,"1:4,2:3"
shift,7,2,"1:1,3:6"
shut,7,3,"1:3,2:3,3:1"
skin,7,3,"1:2,2:1,3:4"
slide,7,3,"1:1,2:5,3:1"
slow,7,2,"1:1,3:6"
spot,7,2,"2:2,3:5"
step,7,3,"1:2,2:4,3:1"
stick,7,3,"1:5,2:1,3:1"
trail,7,3,"1:3,2:2,3:2"
true,7,3,"1:2,2:2,3:3"
wash,7,2,"1:2,3:5"
weed,7,3,"1:2,2:2,3:3"
alongside,6,2,"1:1,2:5"
breaking,6,1,3:6
care,6,2,"1:2,2:4"
change,6,2,"1:1,3:5"
chop,6,2,"1:1,2:5"
door,6,2,"1:4,2:2"
drag,6,1,3:6
exactly,6,3,"1:2,2:3,3:1"
faint,6,3,"1:1,2:2,3:3"
gear,6,2,"1:5,2:1"
heart,6,2,"1:3,2:3"
increase,6,3,"1:3,2:1,3:2"
kind,6,3,"1:2,2:2,3:2"
knee,6,2,"1:3,3:3"
late,6,3,"1:1,2:3,3:2"
later,6,2,"1:2,3:4"
learn,6,2,"2:2,3:4"
length,6,3,"1:1,2:4,3:1"
new,6,3,"1:1,2:1,3:4"
project,6,2,"1:4,2:2"
sharp,6,3,"1:1,2:4,3:1"
sheet,6,2,"1:1,2:5"
shiver,6,3,"1:4,2:1,3:1"
side,6,3,"1:2,2:1,3:3"
sight,6,3,"1:3,2:1,3:2"
strip,6,2,"1:1,3:5"
table,6,3,"1:3,2:1,3:2"
thank,6,2,"1:5,3:1"
throw,6,3,"1:2,2:1,3:3"
touch,6,3,"1:3,2:2,3:1"
wire,6,2,"1:2,3:4"
year,6,2,"1:5,3:1"
afraid,5,3,"1:1,2:1,3:3"
belly,5,3,"1:2,2:2,3:1"
bitt,5,2,"1:1,2:4"
black,5,2,"1:3,3:2"
borrow,5,2,"1:4,2:1"
build,5,2,"2:3,3:2"
chair,5,2,"1:4,3:1"
chance,5,3,"1:2,2:1,3:2"
colour,5,2,"1:3,2:2"
confidence,5,3,"1:1,2:1,3:3"
cover,5,2,"1:4,3:1"
cry,5,1,2:5
darkness,5,2,"1:3,3:2"
decide,5,2,"1:1,3:4"
delicate,5,2,"1:4,3:1"
depth,5,3,"1:2,2:1,3:2"
difference,5,2,"1:3,3:2"
difficult,5,3,"1:2,2:1,3:2"
effort,5,3,"1:1,2:1,3:3"
evening,5,2,"1:4,3:1"
finally,5,3,"1:1,2:3,3:1"
flat,5,3,"1:2,2:1,3:2"
flesh,5,3,"1:2,2:1,3:2"
float,5,3,"1:3,2:1,3:1"
force,5,2,"1:2,3:3"
forever,5,2,"1:1,3:4"
gill,5,2,"2:3,3:2"
handle,5,3,"1:1,2:2,3:2"
happy,5,2,"1:4,3:1"
hurricane,5,1,3:5
instead,5,2,"2:2,3:3"
loose,5,2,"2:4,3:1"
marlin,5,3,"1:2,2:1,3:2"
match,5,1,3:5
matter,5,2,"1:1,3:4"
mile,5,3,"1:1,2:3,3:1"
month,5,2,"1:2,3:3"
movement,5,3,"1:1,2:1,3:3"
necessary,5,2,"1:2,3:3"
neck,5,2,"1:4,3:1"
noise,5,2,"1:3,2:2"
nose,5,1,2:5
one,5,2,"1:3,2:2"
paper,5,2,"1:3,2:2"
prepare,5,3,"1:1,2:3,3:1"
rig,5,3,"1:1,2:2,3:2"
sad,5,1,1:5
sell,5,2,"1:2,2:3"
shadow,5,2,"2:2,3:3"
shake,5,2,"2:3,3:2"
ship,5,3,"1:3,2:1,3:1"
shore,5,3,"1:2,2:1,3:2"
short,5,3,"1:1,2:3,3:1"
size,5,3,"1:1,2:2,3:2"
stand,5,3,"1:1,2:2,3:2"
stop,5,3,"1:1,2:2,3:2"
sudden,5,2,"1:1,3:4"
swallow,5,2,"1:2,2:3"
sweat,5,3,"1:2,2:1,3:2"
sweet,5,3,"1:2,2:1,3:2"
tear,5,2,"1:1,2:4"
thumb,5,2,"1:4,2:1"
tomorrow,5,2,"1:3,3:2"
trade,5,3,"1:1,2:2,3:2"
walk,5,1,1:5
woman,5,3,"1:3,2:1,3:1"
add,4,2,"2:1,3:3"
afternoon,4,2,"2:2,3:2"
age,4,1,1:4
back,4,3,"1:2,2:1,3:1"
beer,4,2,"1:3,2:1"
bleed,4,2,"2:3,3:1"
bonito,4,1,3:4
bright,4,2,"1:1,3:3"
burn,4,2,"1:1,3:3"
butt,4,1,2:4
cat,4,3,"1:1,2:2,3:1"
comfortable,4,2,"1:2,3:2"
commence,4,2,"1:1,3:3"
confident,4,2,"1:2,3:2"
consider,4,3,"1:2,2:1,3:1"
daylight,4,1,3:4
death,4,2,"2:2,3:2"
easily,4,2,"2:2,3:2"
eastward,4,3,"1:2,2:1,3:1"
endure,4,2,"1:1,3:3"
excellent,4,2,"1:2,3:2"
female,4,1,1:4
filament,4,1,1:4
food,4,2,"2:2,3:2"
form,4,2,"1:1,2:3"
free,4,3,"1:1,2:2,3:1"
grip,4,2,"2:1,3:3"
gunwale,4,1,3:4
hide,4,2,"1:1,2:3"
hill,4,2,"1:3,3:1"
horse,4,2,"1:3,3:1"
hot,4,3,"1:1,2:2,3:1"
hungry,4,2,"2:2,3:2"
ice,4,2,"1:3,3:1"
inside,4,2,"2:2,3:2"
kneel,4,1,3:4
lashing,4,2,"1:1,2:3"
lavender,4,3,"1:2,2:1,3:1"
lay,4,3,"1:1,2:1,3:2"
loop,4,2,"1:3,2:1"
loosen,4,2,"2:1,3:3"
lurch,4,1,3:4
net,4,1,1:4
noon,4,3,"1:1,2:1,3:2"
order,4,2,"1:2,2:2"
palm,4,3,"1:1,2:2,3:1"
pectoral,4,3,"1:1,2:2,3:1"
phosphorescence,4,3,"1:1,2:1,3:2"
plan,4,3,"1:1,2:1,3:2"
planking,4,3,"1:1,2:2,3:1"
prayer,4,2,"2:1,3:3"
pressure,4,2,"1:2,3:2"
promise,4,2,"2:2,3:2"
quick,4,2,"1:2,3:2"
quickly,4,3,"1:1,2:1,3:2"
raw,4,2,"2:1,3:3"
red,4,3,"1:1,2:2,3:1"
rice,4,1,1:4
rock,4,2,"1:1,2:3"
room,4,2,"1:2,3:2"
rub,4,1,3:4
ruin,4,2,"1:1,2:3"
rush,4,3,"1:1,2:1,3:2"
shade,4,1,1:4
shirt,4,2,"1:3,2:1"
sink,4,2,"2:3,3:1"
solid,4,3,"1:2,2:1,3:1"
sort,4,2,"1:3,3:1"
sound,4,2,"1:3,2:1"
spring,4,3,"1:1,2:2,3:1"
stem,4,2,"2:1,3:3"
strike,4,2,"1:3,2:1"
stupid,4,2,"1:2,3:2"
suddenly,4,2,"1:2,3:2"
suffer,4,2,"2:2,3:2"
sword,4,2,"2:3,3:1"
taste,4,2,"1:1,2:3"
tension,4,2,"1:1,3:3"
tie,4,2,"1:2,2:2"
travel,4,1,1:4
twice,4,3,"1:1,2:2,3:1"
west,4,2,"1:2,2:2"
wild,4,2,"1:3,3:1"
wipe,4,2,"2:1,3:3"
wrap,4,2,"1:3,2:1"
yesterday,4,2,"1:2,2:2"
young,4,2,"1:3,3:1"
able,3,2,"2:1,3:2"
airplane,3,1,3:3
albacore,3,1,1:3
anymore,3,1,2:3
astern,3,2,"2:2,3:1"
attention,3,2,"2:2,3:1"
backbone,3,2,"2:2,3:1"
bare,3,2,"1:2,3:1"
bettor,3,1,3:3
bind,3,3,"1:1,2:1,3:1"
bite,3,2,"2:2,3:1"
box,3,1,1:3
bubble,3,1,1:3
bump,3,2,"1:1,2:2"
butcher,3,1,1:3
carcass,3,2,"2:1,3:2"
careful,3,2,"1:2,3:1"
cast,3,1,1:3
cheek,3,2,"1:1,3:2"
chest,3,1,2:3
choice,3,1,3:3
clearly,3,3,"1:1,2:1,3:1"
climb,3,2,"1:1,2:2"
continue,3,2,"1:1,3:2"
corner,3,3,"1:1,2:1,3:1"
cramped,3,1,3:3
cruel,3,2,"1:2,2:1"
defeat,3,2,"1:1,2:2"
different,3,1,1:3
dorsal,3,1,2:3
dress,3,2,"1:2,2:1"
enemy,3,2,"1:1,2:2"
feeling,3,2,"2:1,3:2"
fill,3,2,"2:1,3:2"
fillet,3,1,3:3
fine,3,3,"1:1,2:1,3:1"
fishing,3,2,"1:2,2:1"
fit,3,3,"1:1,2:1,3:1"
follow,3,2,"1:2,3:1"
forearm,3,1,3:3
furl,3,2,"1:2,2:1"
galanos,3,1,2:3
gentle,3,2,"1:2,3:1"
glare,3,2,"1:2,2:1"
gold,3,2,"1:1,3:2"
golden,3,2,"1:1,3:2"
gray,3,3,"1:1,2:1,3:1"
gut,3,1,3:3
hardly,3,2,"2:2,3:1"
hat,3,2,"1:2,2:1"
hawk,3,2,"1:1,3:2"
heel,3,2,"2:1,3:2"
hoist,3,2,"1:2,3:1"
hop,3,2,"1:2,2:1"
house,3,2,"1:2,3:1"
hunger,3,2,"2:1,3:2"
inch,3,2,"1:1,3:2"
intelligent,3,2,"2:2,3:1"
leader,3,2,"1:1,3:2"
leap,3,2,"1:1,3:2"
liver,3,1,1:3
loss,3,3,"1:1,2:1,3:1"
manager,3,1,1:3
market,3,2,"1:2,2:1"
minute,3,2,"2:1,3:2"
money,3,2,"1:2,3:1"
mother,3,2,"1:1,2:2"
mountain,3,1,1:3
noble,3,2,"2:2,3:1"
noose,3,1,2:3
note,3,2,"2:1,3:2"
notice,3,2,"2:2,3:1"
overboard,3,1,3:3
panic,3,1,1:3
plank,3,2,"1:2,3:1"
plenty,3,3,"1:1,2:1,3:1"
poison,3,1,1:3
pride,3,2,"1:1,2:2"
prism,3,2,"1:2,3:1"
prove,3,2,"1:1,3:2"
pulling,3,2,"1:2,3:1"
punishment,3,1,3:3
put,3,2,"1:1,3:2"
quarter,3,1,2:3
question,3,2,"2:2,3:1"
quiet,3,2,"2:1,3:2"
quietly,3,2,"1:1,2:2"
radio,3,2,"1:2,2:1"
referee,3,1,3:3
replace,3,2,"2:1,3:2"
resolution,3,2,"1:1,2:2"
return,3,2,"2:1,3:2"
rudder,3,1,2:3
scar,3,2,"1:2,3:1"
scythe,3,3,"1:1,2:1,3:1"
shaft,3,2,"1:1,2:2"
sheath,3,1,3:3
shivering,3,2,"1:2,3:1"
shrimp,3,2,"1:1,2:2"
sign,3,2,"1:1,3:2"
simple,3,2,"1:1,3:2"
smoothly,3,1,3:3
soak,3,1,2:3
softly,3,2,"1:2,3:1"
spit,3,2,"2:2,3:1"
spoon,3,2,"1:1,2:2"
steal,3,1,1:3
stiff,3,3,"1:1,2:1,3:1"
storm,3,1,1:3
stuff,3,2,"1:2,2:1"
suffering,3,1,3:3
sunset,3,2,"2:1,3:2"
surely,3,2,"2:1,3:2"
swimming,3,1,2:3
swirl,3,2,"1:2,3:1"
thwart,3,2,"1:2,2:1"
tiny,3,2,"1:1,2:2"
tiring,3,1,3:3
tonight,3,2,"1:1,3:2"
tooth,3,1,2:3
tow,3,2,"1:2,2:1"
treachery,3,1,3:3
trick,3,2,"1:2,3:1"
uncramp,3,1,3:3
understand,3,2,"1:1,3:2"
use,3,2,"1:1,2:2"
usually,3,2,"1:2,3:1"
war,3,1,1:3
warm,3,2,"1:2,3:1"
week,3,1,1:3
weigh,3,2,"1:2,3:1"
wet,3,2,"1:1,3:2"
wife,3,1,1:3
wonderful,3,2,"1:2,3:1"
worry,3,2,"2:2,3:1"
worthy,3,1,3:3
wrong,3,2,"1:1,2:2"
yard,3,2,"1:2,2:1"
act,2,2,"1:1,3:1"
aid,2,1,1:2
anchor,2,1,3:2
armed,2,1,2:2
attain,2,1,1:2
backing,2,2,"1:1,2:1"
band,2,2,"2:1,3:1"
banging,2,2,"1:1,3:1"
basket,2,2,"1:1,2:1"
bat,2,2,"2:1,3:1"
beast,2,1,3:2
beautifully,2,2,"2:1,3:1"
beg,2,1,1:2
bet,2,1,3:2
blotch,2,1,1:2
board,2,2,"2:1,3:1"
breathe,2,1,2:2
bulge,2,2,"1:1,3:1"
can,2,2,"1:1,2:1"
check,2,2,"1:1,2:1"
cheerful,2,2,"1:1,2:1"
chin,2,1,3:2
cirrus,2,2,"2:1,3:1"
claw,2,2,"2:1,3:1"
clicking,2,1,2:2
coast,2,1,1:2
cock,2,1,3:2
color,2,1,1:2
comfortably,2,2,"2:1,3:1"
completely,2,2,"1:1,3:1"
container,2,1,1:2
convince,2,1,3:2
cook,2,2,"1:1,3:1"
coral,2,2,"1:1,2:1"
cost,2,1,3:2
crazy,2,1,1:2
cross,2,2,"1:1,3:1"
crush,2,1,3:2
cumulus,2,2,"2:1,3:1"
cushion,2,2,"1:1,3:1"
cutting,2,2,"2:1,3:1"
dangerous,2,1,3:2
delicately,2,1,1:2
dentuso,2,1,2:2
desperate,2,2,"1:1,3:1"
desperately,2,2,"1:1,2:1"
destroy,2,1,2:2
devise,2,1,3:2
dignity,2,2,"2:1,3:1"
direction,2,1,1:2
disturb,2,2,"2:1,3:1"
dive,2,1,1:2
dock,2,1,3:2
dollar,2,1,1:2
double,2,1,2:2
dozen,2,2,"2:1,3:1"
especially,2,2,"1:1,3:1"
etch,2,1,3:2
explain,2,2,"1:1,2:1"
factory,2,1,1:2
fault,2,1,3:2
fearless,2,1,3:2
fiction,2,1,1:2
finish,2,1,3:2
firm,2,2,"1:1,2:1"
flatten,2,2,"1:1,2:1"
flight,2,2,"1:1,3:1"
floor,2,1,1:2
flow,2,1,3:2
fold,2,1,1:2
forefinger,2,2,"1:1,2:1"
forehead,2,2,"1:1,3:1"
friendly,2,2,"1:1,3:1"
galano,2,1,2:2
glass,2,2,"1:1,2:1"
guano,2,1,1:2
gutte,2,1,3:2
handicap,2,1,2:2
handsome,2,1,2:2
happily,2,1,1:2
harm,2,1,2:2
haul,2,1,1:2
headed,2,1,3:2
height,2,1,3:2
hiss,2,1,1:2
hole,2,2,"1:1,3:1"
ing,2,1,1:2
iridescent,2,1,1:2
island,2,2,"2:1,3:1"
jam,2,1,2:2
join,2,2,"2:1,3:1"
judge,2,1,3:2
kick,2,2,"1:1,2:1"
knot,2,2,"2:1,3:1"
lack,2,2,"2:1,3:1"
lamp,2,1,3:2
leaf,2,2,"1:1,2:1"
league,2,1,1:2
level,2,2,"1:1,3:1"
lightness,2,1,3:2
lime,2,1,3:2
load,2,2,"2:1,3:1"
lovely,2,1,1:2
mala,2,1,1:2
measure,2,1,2:2
mechanically,2,1,3:2
middle,2,1,2:2
milk,2,2,"1:1,2:1"
mirror,2,2,"1:1,2:1"
motionless,2,2,"1:1,2:1"
mutilate,2,1,2:2
name,2,1,1:2
nauseate,2,1,3:2
nonsense,2,2,"2:1,3:1"
normal,2,2,"1:1,3:1"
nourishment,2,1,3:2
pack,2,1,2:2
painful,2,2,"1:1,3:1"
pale,2,1,2:2
part,2,2,"2:1,3:1"
pencil,2,2,"1:1,2:1"
phosphorescent,2,2,"1:1,3:1"
picture,2,2,"1:1,3:1"
pig,2,1,2:2
pillow,2,2,"1:1,3:1"
pity,2,2,"1:1,3:1"
pleasant,2,2,"1:1,2:1"
pocket,2,1,1:2
poisoning,2,2,"1:1,3:1"
poor,2,1,1:2
porpoise,2,2,"1:1,3:1"
possible,2,2,"2:1,3:1"
pot,2,1,1:2
pour,2,2,"2:1,3:1"
pray,2,1,3:2
probably,2,2,"1:1,2:1"
proper,2,1,1:2
proprietor,2,1,2:2
punch,2,1,2:2
race,2,1,3:2
rapi,2,2,"1:1,3:1"
read,2,2,"1:1,2:1"
reflection,2,2,"1:1,2:1"
relax,2,1,3:2
respect,2,2,"1:1,3:1"
rid,2,2,"1:1,3:1"
rough,2,2,"1:1,2:1"
rum,2,1,3:2
safety,2,1,3:2
sand,2,2,"1:1,2:1"
save,2,1,3:2
scavenger,2,1,2:2
scoop,2,1,3:2
send,2,2,"1:1,2:1"
serve,2,1,1:2
sever,2,2,"2:1,3:1"
shank,2,1,1:2
sharply,2,1,1:2
shovel,2,1,2:2
silly,2,1,2:2
simply,2,2,"1:1,2:1"
sing,2,1,1:2
slave,2,1,2:2
slice,2,1,3:2
slit,2,1,3:2
smelling,2,2,"1:1,2:1"
snap,2,1,2:2
snow,2,1,1:2
solidly,2,2,"1:1,2:1"
sore,2,2,"1:1,2:1"
south,2,1,2:2
spear,2,2,"2:1,3:1"
splash,2,1,3:2
spoil,2,2,"1:1,3:1"
stew,2,1,1:2
sting,2,1,2:2
stone,2,1,2:2
straighten,2,2,"2:1,3:1"
straw,2,2,"1:1,2:1"
stream,2,2,"1:1,2:1"
street,2,2,"1:1,2:1"
stretch,2,1,3:2
sugar,2,2,"2:1,3:1"
sunrise,2,2,"1:1,3:1"
suppose,2,2,"2:1,3:1"
teach,2,2,"1:1,2:1"
temptation,2,2,"1:1,3:1"
thigh,2,1,3:2
thin,2,2,"1:1,3:1"
thinking,2,2,"1:1,3:1"
thought,2,2,"1:1,2:1"
thrust,2,2,"1:1,2:1"
tide,2,1,2:2
tighten,2,2,"1:1,3:1"
timid,2,1,1:2
tip,2,2,"2:1,3:1"
top,2,2,"1:1,2:1"
trap,2,2,"2:1,3:1"
tree,2,2,"1:1,3:1"
unclear,2,2,"2:1,3:1"
uncrampe,2,1,3:2
understanding,2,1,2:2
unleash,2,2,"1:1,3:1"
unroll,2,1,1:2
untie,2,2,"2:1,3:1"
urinate,2,1,1:2
village,2,2,"1:1,3:1"
voice,2,2,"1:1,2:1"
vomit,2,1,3:2
waiter,2,1,2:2
waken,2,1,1:2
weapon,2,1,2:2
weaving,2,2,"2:1,3:1"
wedge,2,1,3:2
widen,2,1,3:2
wildly,2,2,"1:1,3:1"
winter,2,2,"1:1,2:1"
withdraw,2,1,2:2
worn,2,2,"2:1,3:1"
wound,2,2,"2:1,3:1"
aboard,1,1,1:1
absolute,1,1,3:1
absolutely,1,1,2:1
abuse,1,1,3:1
accept,1,1,2:1
accident,1,1,2:1
accomplish,1,1,2:1
accord,1,1,3:1
acrobatic,1,1,3:1
actually,1,1,1:1
adjust,1,1,3:1
admit,1,1,3:1
affect,1,1,1:1
ago,1,1,1:1
agony,1,1,2:1
agree,1,1,1:1
alarm,1,1,1:1
allow,1,1,3:1
alternately,1,1,1:1
altitude,1,1,2:1
anger,1,1,3:1
angle,1,1,2:1
angry,1,1,1:1
annoy,1,1,1:1
annul,1,1,1:1
apart,1,1,1:1
appetite,1,1,2:1
approach,1,1,1:1
armour,1,1,1:1
army,1,1,1:1
art,1,1,3:1
ashore,1,1,3:1
athlete,1,1,3:1
attach,1,1,2:1
attract,1,1,3:1
attractiveness,1,1,1:1
automatically,1,1,3:1
awake,1,1,2:1
awash,1,1,2:1
backwards,1,1,2:1
bail,1,1,2:1
bake,1,1,3:1
balance,1,1,3:1
ball,1,1,1:1
banana,1,1,1:1
bank,1,1,1:1
bar,1,1,2:1
barefoot,1,1,1:1
barefoote,1,1,1:1
barely,1,1,2:1
barracuda,1,1,2:1
base,1,1,2:1
bead,1,1,1:1
bean,1,1,1:1
beauty,1,1,2:1
beck,1,1,2:1
behaviour,1,1,3:1
bend,1,1,3:1
benevolent,1,1,1:1
bent,1,1,3:1
bight,1,1,1:1
bit,1,1,2:1
blackness,1,1,1:1
bladder,1,1,1:1
bleach,1,1,1:1
bleeding,1,1,2:1
bless,1,1,3:1
blessed,1,1,3:1
block,1,1,1:1
blooded,1,1,3:1
blur,1,1,3:1
boar,1,1,3:1
bodega,1,1,1:1
bolt,1,1,1:1
boom,1,1,2:1
bore,1,1,1:1
bother,1,1,2:1
braid,1,1,1:1
brake,1,1,3:1
brisa,1,1,3:1
broad,1,1,2:1
broadbill,1,1,3:1
broadside,1,1,2:1
broken,1,1,2:1
budshield,1,1,1:1
bulk,1,1,2:1
bullet,1,1,1:1
buoy,1,1,1:1
burnish,1,1,3:1
burst,1,1,1:1
bursting,1,1,3:1
business,1,1,2:1
calambre,1,1,3:1
calloused,1,1,3:1
cancer,1,1,1:1
canyon,1,1,3:1
cap,1,1,1:1
cape,1,1,1:1
carapace,1,1,1:1
cardel,1,1,3:1
cartilage,1,1,2:1
caution,1,1,2:1
cautiously,1,1,1:1
cede,1,1,3:1
cent,1,1,2:1
center,1,1,2:1
certain,1,1,3:1
certainly,1,1,3:1
chalk,1,1,3:1
charcoal,1,1,1:1
cheerfully,1,1,1:1
choose,1,1,3:1
churn,1,1,1:1
cigarette,1,1,3:1
city,1,1,2:1
claws,1,1,3:1
cleanly,1,1,2:1
click,1,1,2:1
clock,1,1,1:1
clubbing,1,1,1:1
coagulate,1,1,3:1
colder,1,1,3:1
colony,1,1,2:1
comfort,1,1,3:1
compact,1,1,1:1
companion,1,1,2:1
company,1,1,3:1
comparatively,1,1,3:1
compass,1,1,2:1
complete,1,1,2:1
comprehend,1,1,3:1
concentration,1,1,1:1
condensed,1,1,1:1
condition,1,1,1:1
confide,1,1,3:1
confuse,1,1,2:1
congregate,1,1,1:1
connect,1,1,3:1
conscientiously,1,1,3:1
considerably,1,1,2:1
constantly,1,1,2:1
contempt,1,1,1:1
contest,1,1,1:1
contestant,1,1,1:1
control,1,1,3:1
convulsively,1,1,3:1
coppery,1,1,2:1
correctly,1,1,1:1
cot,1,1,1:1
counsel,1,1,2:1
cove,1,1,1:1
crash,1,1,2:1
cream,1,1,3:1
crease,1,1,1:1
creased,1,1,1:1
credit,1,1,1:1
crisp,1,1,2:1
crosswise,1,1,1:1
crouch,1,1,3:1
crowd,1,1,1:1
crumb,1,1,2:1
cup,1,1,1:1
cure,1,1,2:1
curve,1,1,1:1
damn,1,1,2:1
dart,1,1,2:1
deadly,1,1,1:1
dear,1,1,2:1
deceive,1,1,2:1
decision,1,1,3:1
deck,1,1,1:1
decker,1,1,1:1
defend,1,1,2:1
defense,1,1,2:1
definitely,1,1,1:1
descent,1,1,3:1
desert,1,1,1:1
despair,1,1,1:1
desperation,1,1,3:1
destruction,1,1,2:1
detach,1,1,2:1
determination,1,1,3:1
dew,1,1,1:1
diarrhoea,1,1,3:1
digest,1,1,3:1
dipping,1,1,1:1
dirt,1,1,1:1
discolour,1,1,2:1
disgraceful,1,1,1:1
disgust,1,1,3:1
disperse,1,1,2:1
distant,1,1,3:1
distinguish,1,1,1:1
diver,1,1,3:1
dizzy,1,1,3:1
don,1,1,2:1
doorway,1,1,1:1
dorado,1,1,3:1
dose,1,1,1:1
doubt,1,1,1:1
drain,1,1,2:1
drank,1,1,1:1
drawing,1,1,2:1
drew,1,1,2:1
drugstore,1,1,2:1
drum,1,1,1:1
dub,1,1,1:1
duck,1,1,3:1
dullness,1,1,3:1
dusk,1,1,1:1
duty,1,1,3:1
eagle,1,1,3:1
earn,1,1,3:1
ease,1,1,3:1
easterly,1,1,3:1
eating,1,1,3:1
eel,1,1,2:1
effectively,1,1,2:1
egg,1,1,1:1
elbow,1,1,3:1
elegance,1,1,1:1
emergency,1,1,3:1
employ,1,1,3:1
encourage,1,1,3:1
enjoy,1,1,2:1
enter,1,1,3:1
entire,1,1,3:1
entrance,1,1,2:1
erect,1,1,3:1
erosion,1,1,1:1
escape,1,1,1:1
exact,1,1,1:1
examine,1,1,3:1
excited,1,1,2:1
excitement,1,1,2:1
exhaust,1,1,1:1
expect,1,1,2:1
extend,1,1,3:1
fade,1,1,1:1
fail,1,1,3:1
failure,1,1,3:1
fair,1,1,2:1
faith,1,1,1:1
false,1,1,1:1
fascinate,1,1,2:1
favorable,1,1,3:1
favour,1,1,1:1
feather,1,1,3:1
feminine,1,1,1:1
fibere,1,1,1:1
fighting,1,1,3:1
fingernail,1,1,3:1
fire,1,1,1:1
firmly,1,1,2:1
fishless,1,1,1:1
fist,1,1,3:1
flag,1,1,1:1
flap,1,1,3:1
flash,1,1,2:1
flea,1,1,2:1
fleck,1,1,1:1
flex,1,1,2:1
flinch,1,1,2:1
flipper,1,1,2:1
flour,1,1,1:1
fond,1,1,1:1
footed,1,1,1:1
forge,1,1,1:1
forget,1,1,2:1
fork,1,1,1:1
formalize,1,1,1:1
forth,1,1,3:1
fortune,1,1,2:1
frequently,1,1,1:1
freshen,1,1,1:1
friction,1,1,3:1
fried,1,1,1:1
frighten,1,1,3:1
fruit,1,1,3:1
fun,1,1,1:1
furled,1,1,1:1
gaffe,1,1,1:1
gamble,1,1,1:1
game,1,1,3:1
garbage,1,1,2:1
garland,1,1,1:1
gaunt,1,1,1:1
gelatinous,1,1,1:1
glad,1,1,3:1
glimpse,1,1,2:1
glory,1,1,3:1
grand,1,1,1:1
grasp,1,1,3:1
greatness,1,1,3:1
greener,1,1,3:1
grind,1,1,2:1
grippe,1,1,1:1
ground,1,1,2:1
grudgingly,1,1,3:1
guard,1,1,2:1
hack,1,1,1:1
hardness,1,1,3:1
harsh,1,1,1:1
harshness,1,1,3:1
hatchet,1,1,2:1
hate,1,1,3:1
hateful,1,1,2:1
heal,1,1,2:1
healer,1,1,2:1
heartless,1,1,1:1
heat,1,1,2:1
heave,1,1,3:1
heaviness,1,1,2:1
hell,1,1,2:1
higher,1,1,1:1
highway,1,1,2:1
hooked,1,1,1:1
horny,1,1,1:1
hull,1,1,2:1
humiliate,1,1,3:1
humiliating,1,1,3:1
humility,1,1,1:1
hunting,1,1,1:1
hurry,1,1,1:1
identify,1,1,2:1
imagine,1,1,3:1
immune,1,1,1:1
imperceptible,1,1,1:1
improvise,1,1,3:1
ineffectual,1,1,1:1
ineffectually,1,1,1:1
inferior,1,1,1:1
inner,1,1,2:1
inshore,1,1,1:1
intelligence,1,1,3:1
intelligently,1,1,2:1
interminable,1,1,2:1
intersect,1,1,2:1
intolerable,1,1,1:1
involuntarily,1,1,2:1
involve,1,1,2:1
inward,1,1,2:1
iron,1,1,2:1
ivy,1,1,1:1
jack,1,1,1:1
jacket,1,1,1:1
jagged,1,1,2:1
joke,1,1,1:1
juego,1,1,3:1
juice,1,1,3:1
juicy,1,1,2:1
juncture,1,1,2:1
killer,1,1,2:1
kindness,1,1,1:1
lance,1,1,2:1
lemon,1,1,3:1
leprous,1,1,3:1
less,1,1,3:1
lighter,1,1,2:1
link,1,1,3:1
lip,1,1,2:1
list,1,1,1:1
local,1,1,1:1
location,1,1,2:1
loggerhead,1,1,1:1
lonely,1,1,1:1
longitudinally,1,1,3:1
looking,1,1,2:1
lost,1,1,2:1
lottery,1,1,1:1
loud,1,1,1:1
lunch,1,1,1:1
lunge,1,1,2:1
mad,1,1,3:1
main,1,1,3:1
making,1,1,1:1
malignancy,1,1,2:1
manner,1,1,3:1
masculine,1,1,1:1
mass,1,1,2:1
mating,1,1,3:1
maw,1,1,3:1
meantime,1,1,3:1
medium,1,1,1:1
meet,1,1,3:1
merit,1,1,3:1
metal,1,1,1:1
midnight,1,1,2:1
mind,1,1,1:1
minor,1,1,2:1
miserable,1,1,3:1
miss,1,1,2:1
mistake,1,1,1:1
mistrust,1,1,3:1
moisture,1,1,2:1
motion,1,1,3:1
motorboat,1,1,1:1
muscle,1,1,3:1
mush,1,1,2:1
mushy,1,1,2:1
myriad,1,1,1:1
mysticism,1,1,1:1
nail,1,1,2:1
naked,1,1,2:1
nakedness,1,1,2:1
napkin,1,1,1:1
native,1,1,1:1
naturally,1,1,1:1
nausea,1,1,3:1
near,1,1,2:1
neat,1,1,1:1
necessarily,1,1,3:1
needless,1,1,1:1
news,1,1,3:1
nod,1,1,1:1
norther,1,1,3:1
nosed,1,1,2:1
nourishing,1,1,2:1
number,1,1,1:1
oak,1,1,1:1
oakum,1,1,1:1
obey,1,1,1:1
occasional,1,1,1:1
occurrence,1,1,1:1
odd,1,1,3:1
odour,1,1,1:1
offer,1,1,1:1
oil,1,1,1:1
opening,1,1,3:1
ordinary,1,1,2:1
original,1,1,2:1
outside,1,1,2:1
overhead,1,1,3:1
overlap,1,1,1:1
pace,1,1,3:1
paint,1,1,3:1
pair,1,1,1:1
panicked,1,1,3:1
papa,1,1,1:1
paralyze,1,1,2:1
pardon,1,1,1:1
parent,1,1,1:1
park,1,1,1:1
particle,1,1,3:1
party,1,1,2:1
past,1,1,3:1
patient,1,1,3:1
pattern,1,1,2:1
peak,1,1,1:1
pebbled,1,1,1:1
perceptible,1,1,2:1
perceptibly,1,1,3:1
perfectly,1,1,3:1
peril,1,1,3:1
periscope,1,1,2:1
permanent,1,1,1:1
phosphorus,1,1,3:1
photograph,1,1,1:1
pile,1,1,3:1
pilgrimage,1,1,3:1
pin,1,1,1:1
pinch,1,1,2:1
pivot,1,1,3:1
pivoted,1,1,1:1
pivoting,1,1,3:1
placid,1,1,2:1
plane,1,1,2:1
plat,1,1,1:1
please,1,1,2:1
pleased,1,1,3:1
plow,1,1,2:1
plummet,1,1,1:1
plunge,1,1,3:1
politely,1,1,1:1
pop,1,1,1:1
port,1,1,2:1
position,1,1,1:1
power,1,1,2:1
powerful,1,1,1:1
practical,1,1,3:1
practice,1,1,3:1
precede,1,1,3:1
precision,1,1,1:1
preparation,1,1,3:1
price,1,1,2:1
principal,1,1,1:1
problem,1,1,2:1
procession,1,1,2:1
progress,1,1,3:1
prolong,1,1,3:1
promptly,1,1,1:1
properly,1,1,3:1
proud,1,1,2:1
ptomaine,1,1,3:1
pyramid,1,1,2:1
quality,1,1,2:1
rake,1,1,2:1
ram,1,1,2:1
ray,1,1,2:1
razor,1,1,2:1
realize,1,1,3:1
rebel,1,1,2:1
recognize,1,1,2:1
record,1,1,1:1
recover,1,1,3:1
reflect,1,1,2:1
relic,1,1,1:1
religious,1,1,3:1
remedy,1,1,2:1
remove,1,1,1:1
resistance,1,1,3:1
result,1,1,3:1
reverse,1,1,2:1
rich,1,1,1:1
ride,1,1,3:1
rigidity,1,1,2:1
ring,1,1,1:1
rip,1,1,2:1
roadstead,1,1,1:1
roar,1,1,1:1
robber,1,1,1:1
rot,1,1,3:1
rotten,1,1,2:1
rougher,1,1,3:1
round,1,1,2:1
rounded,1,1,3:1
rowing,1,1,1:1
royal,1,1,1:1
rubberiness,1,1,2:1
rubbery,1,1,2:1
runner,1,1,1:1
saint,1,1,2:1
sandpaper,1,1,1:1
sap,1,1,1:1
saw,1,1,2:1
scattering,1,1,1:1
seize,1,1,2:1
self,1,1,2:1
sense,1,1,3:1
setting,1,1,3:1
sew,1,1,1:1
shaking,1,1,2:1
share,1,1,1:1
shelf,1,1,1:1
shell,1,1,2:1
shin,1,1,3:1
shine,1,1,1:1
shingle,1,1,2:1
shoal,1,1,2:1
shoe,1,1,1:1
shorten,1,1,3:1
shot,1,1,2:1
shout,1,1,2:1
shovelnose,1,1,2:1
showing,1,1,2:1
shrug,1,1,3:1
shudder,1,1,1:1
shy,1,1,1:1
sick,1,1,2:1
sideways,1,1,1:1
sifting,1,1,1:1
sigh,1,1,1:1
silent,1,1,1:1
silvery,1,1,2:1
single,1,1,2:1
sinner,1,1,3:1
sized,1,1,1:1
skeleton,1,1,2:1
skillfully,1,1,3:1
slackening,1,1,3:1
slam,1,1,2:1
slap,1,1,3:1
slapping,1,1,1:1
sleepy,1,1,1:1
slicing,1,1,3:1
slight,1,1,1:1
slightly,1,1,3:1
slime,1,1,2:1
slimy,1,1,1:1
slippery,1,1,3:1
slitted,1,1,2:1
slot,1,1,2:1
sluggishly,1,1,2:1
smack,1,1,1:1
smile,1,1,1:1
smoke,1,1,2:1
smooth,1,1,2:1
snare,1,1,3:1
soap,1,1,1:1
soar,1,1,1:1
sol,1,1,1:1
solidity,1,1,2:1
somewhat,1,1,1:1
son,1,1,1:1
sorrow,1,1,3:1
spare,1,1,1:1
species,1,1,1:1
speedboat,1,1,2:1
spill,1,1,2:1
spinal,1,1,2:1
spine,1,1,2:1
splice,1,1,2:1
splintered,1,1,2:1
spoken,1,1,1:1
spray,1,1,2:1
spurt,1,1,1:1
square,1,1,1:1
squarely,1,1,2:1
squid,1,1,1:1
stab,1,1,2:1
stagger,1,1,1:1
starlight,1,1,3:1
steel,1,1,1:1
steep,1,1,1:1
steering,1,1,2:1
stiffen,1,1,3:1
stoop,1,1,3:1
store,1,1,1:1
straggler,1,1,1:1
strained,1,1,2:1
strangely,1,1,1:1
strangeness,1,1,2:1
stray,1,1,1:1
streak,1,1,1:1
strengthen,1,1,3:1
stricken,1,1,1:1
stringiness,1,1,2:1
stroke,1,1,1:1
strongly,1,1,2:1
study,1,1,1:1
stupidity,1,1,2:1
sturdy,1,1,1:1
subdue,1,1,1:1
submerge,1,1,3:1
successful,1,1,1:1
suck,1,1,2:1
summon,1,1,2:1
sunny,1,1,1:1
supper,1,1,1:1
supply,1,1,1:1
surf,1,1,1:1
surge,1,1,3:1
sustenance,1,1,3:1
swain,1,1,2:1
swamp,1,1,2:1
sweep,1,1,1:1
sweeping,1,1,2:1
swinging,1,1,3:1
swum,1,1,1:1
tackle,1,1,1:1
taper,1,1,3:1
tar,1,1,1:1
tasting,1,1,1:1
taut,1,1,1:1
tavern,1,1,3:1
teeter,1,1,3:1
telephone,1,1,1:1
temper,1,1,2:1
tentative,1,1,1:1
terminal,1,1,1:1
tern,1,1,1:1
thick,1,1,1:1
thinly,1,1,1:1
third,1,1,2:1
thirsty,1,1,1:1
thole,1,1,1:1
thou,1,1,3:1
thoughtful,1,1,1:1
thoughtless,1,1,1:1
thump,1,1,1:1
tile,1,1,1:1
tinted,1,1,1:1
tireder,1,1,3:1
tiredness,1,1,2:1
toe,1,1,1:1
ton,1,1,1:1
toss,1,1,3:1
tough,1,1,1:1
tourist,1,1,2:1
towel,1,1,1:1
towing,1,1,1:1
town,1,1,2:1
trace,1,1,2:1
train,1,1,3:1
traitor,1,1,3:1
translation,1,1,2:1
trembling,1,1,1:1
tremendous,1,1,3:1
triangular,1,1,2:1
trickery,1,1,2:1
trickle,1,1,1:1
trip,1,1,3:1
trouble,1,1,3:1
trough,1,1,2:1
truck,1,1,1:1
trunk,1,1,1:1
trust,1,1,3:1
tunnel,1,1,3:1
twist,1,1,2:1
unarmed,1,1,2:1
unavoidable,1,1,1:1
unbearable,1,1,2:1
unbelievably,1,1,1:1
undefeated,1,1,1:1
undulation,1,1,3:1
unendingly,1,1,3:1
unhook,1,1,3:1
unintelligent,1,1,1:1
unjust,1,1,3:1
unknotte,1,1,3:1
unlocked,1,1,1:1
unlucky,1,1,1:1
unnecessarily,1,1,1:1
unpleasant,1,1,3:1
unstep,1,1,2:1
unworthy,1,1,3:1
upward,1,1,3:1
useless,1,1,2:1
usual,1,1,3:1
value,1,1,1:1
vast,1,1,3:1
vent,1,1,3:1
vertebrae,1,1,2:1
violate,1,1,2:1
violet,1,1,2:1
virtue,1,1,1:1
visible,1,1,1:1
vision,1,1,2:1
wallow,1,1,2:1
wandering,1,1,1:1
warbler,1,1,3:1
wave,1,1,2:1
waver,1,1,2:1
welt,1,1,1:1
whiplash,1,1,1:1
whore,1,1,1:1
wicked,1,1,1:1
widespread,1,1,1:1
width,1,1,2:1
win,1,1,3:1
windless,1,1,3:1
wise,1,1,1:1
withhold,1,1,1:1
womb,1,1,3:1
wooden,1,1,1:1
word,1,1,2:1
world,1,1,3:1
worried,1,1,2:1
worthless,1,1,3:1
wrench,1,1,2:1
wrinkle,1,1,1:1
